admain,admain@gmail.com,112233,mail,33,admain111
user2,user2@gmail.com,123,mail,22,user2123
yassaa,yasaaa@gmail.com,1111,mail,18,yassaa222
useraaa,user3@gmail.com,111,mail,18,useraaa333
admin4,admin@gmail.com,22,mail,22,admin4798
angelos,angelos@gmail.com,112233,mail,24,angelos334
angeloss,angeloss@gmail.com,111,mail,24,angeloss258
yassa mazhar,yassa@gmail.com,123,mail,70,yassa mazhar664
yassa,yassa@gmail.com,112233,mail,21,yassa331
yassa mm,yassa@gmail.com,111,mail,18,yassa mm449
MAZHAR,mazhar@gmail.com,11,mail,55,MAZHAR142
